Trait,Type,Aspect
Abrasive,Mental,Negative
Abrupt,Mental,Negative
Absent-minded,Mental,Negative
Abandoned,Physical,Negative
Accepting,Mental,Negative
Accommodating,Mental,Positive
Accomplished,Mental,Positive
Action oriented,Mental,Positive
Adamant,Mental,Negative
Abusive,Physical,Negative
Addict,Mental,Negative
ADHD,Mental,Negative
Adulterer,Mental,Negative
Adventurous,Mental,Positive
Affable,Mental,Positive
Affectionate,Mental,Positive
Afraid,Mental,Negative
Afraid of commitment,Mental,Negative
Afraid of ghosts,Mental,Negative
Aggressive,Mental,Negative
Agnostic,Mental,Negative
Agonized,Mental,Negative
Agreeable,Mental,Positive
Alcoholic,Mental,Negative
Alert,Mental,Positive
Alluring,Mental,Positive
Aloof,Mental,Negative
Altruistic,Mental,Positive
Always late,Mental,Negative
Amateurish demeanor,Mental,Negative
Ambiguous,Mental,Negative
Ambitious,Mental,Negative
Ambivalent,Mental,Negative
Amiable,Mental,Positive
Amused,Mental,Positive
Amusing,Mental,Positive
Analytical,Mental,Positive
Angry,Mental,Negative
Animated,Mental,Negative
Annoyed,Mental,Negative
Annoying,Mental,Negative
Antagonistic,Mental,Negative
Anti-intellectual,Mental,Negative
Anti-social,Mental,Negative
Anxious,Mental,Negative
Apathetic,Mental,Negative
Apologetic,Mental,Negative
Appreciative,Mental,Positive
Apprehensive,Mental,Negative
Approachable,Mental,Positive
Arbitrary,Mental,Negative
Argumentative,Mental,Negative
Aristocratic,Mental,Negative
Arrogant,Mental,Negative
Able,Physical,Positive
Articulate,Mental,Positive
Artistic,Mental,Positive
Artless,Mental,Negative
Ashamed,Mental,Negative
Aspiring,Mental,Positive
Assertive,Mental,Negative
Astonished,Mental,Negative
Astounded,Mental,Negative
Astute,Mental,Positive
Attentive,Mental,Positive
Attentive to others,Mental,Positive
Audacious,Mental,Negative
Austere,Mental,Negative
Authoritarian,Mental,Negative
Authoritative,Mental,Positive
Autocratic,Mental,Negative
Avoids conflict,Mental,Negative
Aware of own limitations,Mental,Positive
Awed,Mental,Positive
Awful,Mental,Negative
Awkward,Mental,Negative
Babbling,Mental,Negative
Babyish,Mental,Negative
Backstabber,Mental,Negative
Bashful,Mental,Negative
Belligerent,Mental,Negative
Benevolent,Mental,Positive
Betrayed,Mental,Negative
Bewildered,Mental,Negative
Bewitching,Mental,Positive
Biter,Mental,Negative
Bitter,Mental,Negative
Blames others,Mental,Negative
Blas√©,Mental,Negative
Blissful,Mental,Positive
Blowhard,Mental,Negative
Boastful,Mental,Negative
Boisterous,Mental,Negative
Bold,Mental,Negative
Boorish,Mental,Negative
Bored,Mental,Negative
Boring,Mental,Negative
Bossy,Mental,Negative
Boundless,Mental,Positive
Bragging,Mental,Negative
Brainy,Mental,Positive
Brash,Mental,Negative
Bratty,Mental,Negative
Brave,Mental,Positive
Brazen,Mental,Negative
Bright,Mental,Positive
Brilliant,Mental,Positive
Broad-minded,Mental,Positive
Brotherly,Mental,Positive
Brutish,Mental,Negative
Bubbly,Mental,Positive
Bully,Mental,Negative
Burdened,Mental,Negative
Busy,Mental,Negative
Calculating,Mental,Negative
Callous,Mental,Negative
Calm,Mental,Positive
Candid,Mental,Positive
Capable,Mental,Positive
Capricious,Mental,Negative
Captivated,Mental,Negative
Carefree,Mental,Negative
Careful,Mental,Positive
Careless,Mental,Negative
Careless of social rules,Mental,Negative
Caring,Mental,Positive
Caustic,Mental,Negative
Cautious,Mental,Positive
Changeable,Mental,Negative
Charismatic,Mental,Positive
Charitable,Mental,Positive
Charming,Mental,Positive
Chaste,Mental,Positive
Chatty,Mental,Negative
Cheat,Mental,Negative
Cheerful,Mental,Positive
Cheerless,Mental,Negative
Childish,Mental,Negative
Chivalrous,Mental,Negative
Civilised,Mental,Positive
Classy,Mental,Positive
Accident prone,Physical,Positive
Clever,Mental,Positive
Close,Mental,Negative
Closed,Mental,Negative
Adam's apple,Physical,Negative
Coarse,Mental,Negative
Cocky,Mental,Negative
Adorable,Physical,Positive
Cold,Mental,Negative
Cold hearted,Mental,Negative
Combative,Mental,Negative
Comfortable,Mental,Positive
Committed,Mental,Positive
Communicative,Mental,Positive
Compassionate,Mental,Positive
Competent,Mental,Positive
Competitive,Mental,Positive
Complacent,Mental,Negative
Compliant,Mental,Negative
Compulsive,Mental,Negative
Compulsive liar,Mental,Negative
Conceited,Mental,Negative
Concerned,Mental,Positive
Concrete thinking,Mental,Positive
Condemned,Mental,Negative
Condescending,Mental,Negative
Confident,Mental,Positive
Conformist,Mental,Negative
Confused,Mental,Negative
Congenial,Mental,Positive
Connoisseur of good drink,Mental,Positive
Connoisseur of good food,Mental,Positive
Conscientious,Mental,Positive
Conservative,Mental,Positive
Considerate,Mental,Positive
Consistent,Mental,Positive
Conspicuous,Mental,Negative
Conspiracy theorist,Mental,Negative
Constricting,Mental,Negative
Constructive,Mental,Positive
Content,Mental,Positive
Contented,Mental,Positive
Contrarian,Mental,Negative
Contrary,Mental,Negative
Contrite,Mental,Negative
Controlling,Mental,Negative
Conventional,Mental,Negative
Conversational,Mental,Positive
Cool,Mental,Positive
Cooperative,Mental,Positive
Coquettish,Mental,Negative
Cosmopolitan,Mental,Positive
Courageous,Mental,Positive
Courteous,Mental,Positive
Covetous,Mental,Negative
Cowardly,Mental,Negative
Cowering,Mental,Negative
Coy,Mental,Negative
Crabby,Mental,Negative
Crafty,Mental,Negative
Cranky,Mental,Negative
Crazy,Mental,Negative
Creative,Mental,Positive
Credible,Mental,Positive
Creepy,Mental,Negative
Critical,Mental,Negative
Cross,Mental,Negative
Crude,Mental,Negative
Cruel,Mental,Negative
Crushed,Mental,Negative
Cuddly,Mental,Positive
Culpable,Mental,Negative
Cultured,Mental,Positive
Cunning,Mental,Positive
Curious,Mental,Positive
Cutthroat,Mental,Negative
Cynical,Mental,Negative
Dainty,Mental,Positive
Dangerous,Mental,Negative
Daredevil,Mental,Negative
Daring,Mental,Positive
Dark,Mental,Negative
Dashing,Mental,Positive
Dauntless,Mental,Positive
Dazzling,Mental,Positive
Debonair,Mental,Positive
Deceitful,Mental,Negative
Deceiving,Mental,Negative
Decent,Mental,Positive
Decisive,Mental,Positive
Decorous,Mental,Positive
Dedicated,Mental,Positive
Defeated,Mental,Negative
Deferential,Mental,Positive
Defiant,Mental,Negative
Delegates authority,Mental,Positive
Deliberate,Mental,Positive
Deliberative,Mental,Positive
Delicate,Mental,Positive
Delighted,Mental,Positive
Delightful,Mental,Positive
Delusional about own skills,Mental,Negative
Demanding,Mental,Negative
Demonic,Mental,Negative
Dependable,Mental,Positive
Dependent,Mental,Positive
Depraved,Mental,Negative
Depressed,Mental,Negative
Depressive,Mental,Negative
Deranged,Mental,Negative
Desirous,Mental,Positive
Despairing,Mental,Negative
Despicable,Mental,Negative
Despondent,Mental,Negative
Destructive,Mental,Negative
Detached,Mental,Negative
Detail-oriented,Mental,Positive
Determined,Mental,Positive
Develops close friendships,Mental,Positive
Devilish,Mental,Negative
Devious,Mental,Negative
Devoted,Mental,Positive
Devout,Mental,Positive
Dictatorial,Mental,Negative
Diffident,Mental,Negative
Dignified,Mental,Positive
Diligent,Mental,Positive
Diminished,Mental,Negative
Diplomatic,Mental,Positive
Direct,Mental,Positive
Directionless,Mental,Negative
Disaffected,Mental,Negative
Disagreeable,Mental,Negative
Discerning,Mental,Positive
Disciplined,Mental,Positive
Discontented,Mental,Negative
Discouraged,Mental,Negative
Discreet,Mental,Positive
Disgusting,Mental,Negative
Dishonest,Mental,Negative
Disillusioned,Mental,Negative
Disinterested,Mental,Negative
Disloyal,Mental,Negative
Dismayed,Mental,Negative
Disorderly,Mental,Negative
Disorganized,Mental,Negative
Disparaging,Mental,Negative
Disregards rules,Mental,Negative
Disrespectful,Mental,Negative
Dissatisfied,Mental,Negative
Dissident,Mental,Negative
Dissolute,Mental,Negative
Distant,Mental,Negative
Distracted,Mental,Negative
Distraught,Mental,Negative
Distressed,Mental,Negative
Distrustful,Mental,Negative
Disturbed,Mental,Positive
Divided,Mental,Negative
Docile,Mental,Negative
Does what is convenient,Mental,Negative
Does what is necessary or right,Mental,Positive
Dogmatic,Mental,Negative
Dominant,Mental,Negative
Domineering,Mental,Negative
Dorky,Mental,Negative
Doubtful,Mental,Negative
Dowdy,Mental,Negative
Downtrodden,Mental,Negative
Draconian,Mental,Negative
Dramatic,Mental,Negative
Dreamer,Mental,Negative
Dreamy,Mental,Negative
Dreary,Mental,Negative
Driven,Mental,Positive
Drug addict,Mental,Negative
Adaptable,Physical,Negative
Dubious,Mental,Negative
Dull,Mental,Negative
Dumb,Mental,Negative
Dutiful,Mental,Positive
Dynamic,Mental,Positive
Eager,Mental,Positive
Easily embarrassed,Mental,Negative
Easily led,Mental,Negative
Easily upset,Mental,Negative
Easygoing,Mental,Positive
Eccentric,Mental,Positive
Ecstatic,Mental,Positive
Educated,Mental,Positive
Effervescent,Mental,Positive
Efficient,Mental,Positive
Egocentric,Mental,Negative
Egotistic,Mental,Negative
Egotistical,Mental,Negative
Elated,Mental,Positive
Electrified,Mental,Positive
Eloquent,Mental,Positive
Elusive,Mental,Positive
Embarrassed,Mental,Negative
Embittered,Mental,Negative
Embraces change,Mental,Positive
Eminent,Mental,Positive
Emotional,Mental,Positive
Emotionally stable,Mental,Positive
Empathetic,Mental,Positive
Empty,Mental,Negative
Enchanted,Mental,Positive
Enchanting,Mental,Positive
Encouraging,Mental,Positive
Enduring,Mental,Positive
Energetic,Mental,Positive
Engaging,Mental,Positive
Enigmatic,Mental,Positive
Enjoys a good argument,Mental,Positive
Enjoys a good brawl,Mental,Positive
Enjoys a little friendly competition,Mental,Positive
Enterprising,Mental,Positive
Entertaining,Mental,Positive
Enthusiastic,Mental,Positive
Entrepreneurial,Mental,Positive
Envious,Mental,Negative
Equable,Mental,Positive
Erratic,Mental,Negative
Ethical,Mental,Positive
Evasive,Mental,Negative
Evil,Mental,Negative
Exacting,Mental,Positive
Exasperated,Mental,Negative
Excellent,Mental,Positive
Excessive,Mental,Negative
Excitable,Mental,Negative
Excited,Mental,Positive
Exclusive,Mental,Positive
Exhausted,Mental,Negative
Expansive,Mental,Positive
Expedient,Mental,Positive
Experimental,Mental,Positive
Expert,Mental,Positive
Expressive,Mental,Positive
Extravagant,Mental,Negative
Extraverted,Mental,Positive
Extreme,Mental,Negative
Exuberant,Mental,Positive
Fabulous,Mental,Positive
Faces reality,Mental,Positive
Facetious,Mental,Negative
Faded,Mental,Negative
Failure,Mental,Negative
Fair,Mental,Positive
Faith in oneself,Mental,Positive
Faith in others,Mental,Positive
Faith in self,Mental,Positive
Faithful,Mental,Positive
Faithless,Mental,Negative
Fake,Mental,Negative
Fanatical,Mental,Negative
Fanciful,Mental,Negative
Fantastic,Mental,Positive
Fascinated,Mental,Positive
Fast learner,Mental,Positive
Fastidious,Mental,Positive
Fatalistic,Mental,Negative
Fatigued,Mental,Negative
Fawning,Mental,Negative
Fearful,Mental,Negative
Fearless,Mental,Positive
Feisty,Mental,Positive
Ferocious,Mental,Positive
Fidgety,Mental,Negative
Fierce,Mental,Positive
Fiery,Mental,Positive
Fighter,Mental,Positive
Fine,Mental,Positive
Finicky,Mental,Negative
Fitness fanatic,Mental,Positive
Flagging,Mental,Negative
Flakey,Mental,Negative
Flamboyant,Mental,Positive
Flashy,Mental,Negative
Fleeting,Mental,Negative
Flexible,Mental,Positive
Flighty,Mental,Negative
Flippant,Mental,Negative
Flirtatious,Mental,Positive
Flirty,Mental,Positive
Flustered,Mental,Negative
Focused,Mental,Positive
Follower,Mental,Positive
Follows rules,Mental,Positive
Foolhardy,Mental,Negative
Foolish,Mental,Negative
Forceful,Mental,Negative
Forgetful,Mental,Negative
Forgiving,Mental,Positive
Formal,Mental,Positive
Forthright,Mental,Positive
Fortunate,Mental,Positive
Foul,Mental,Negative
Fragile,Mental,Negative
Fragmented,Mental,Negative
Frank,Mental,Positive
Frantic,Mental,Negative
Frazzled,Mental,Negative
Free of guilt,Mental,Positive
Free thinking,Mental,Positive
Fresh,Mental,Positive
Fretful,Mental,Negative
Friendly,Mental,Positive
Frightened,Mental,Negative
Frigid,Mental,Negative
Frugal,Mental,Positive
Frustrated,Mental,Negative
Fuddy duddy,Mental,Negative
Fun,Mental,Positive
Fun loving,Mental,Positive
Fun to be around,Mental,Positive
Funny,Mental,Positive
Furious,Mental,Negative
Furtive,Mental,Negative
Fussy,Mental,Negative
Gabby,Mental,Negative
Garrulous,Mental,Negative
Gaudy,Mental,Negative
Generous,Mental,Positive
Genial,Mental,Positive
Gentle,Mental,Positive
Genuine,Mental,Positive
Giddy,Mental,Positive
Giggly,Mental,Negative
Gives others their freedom,Mental,Positive
Gives up easily,Mental,Negative
Giving,Mental,Positive
Glad,Mental,Positive
Glamorous,Mental,Positive
Gloomy,Mental,Negative
Glorious,Mental,Positive
Glum,Mental,Negative
Glutton,Mental,Negative
Gluttonous,Mental,Negative
Goal orientated,Mental,Positive
Good,Mental,Positive
Good communicator,Mental,Positive
Good listener,Mental,Positive
Good-natured,Mental,Positive
Good-spirited,Mental,Positive
Goofy,Mental,Negative
Graceful,Mental,Positive
Gracious,Mental,Positive
Grandiose,Mental,Negative
Grateful,Mental,Positive
Gratified,Mental,Positive
Greedy,Mental,Negative
Gregarious,Mental,Negative
Grief,Mental,Negative
Grieving,Mental,Negative
Groovy,Mental,Positive
Grotesque,Mental,Negative
Grouchy,Mental,Negative
Grounded,Mental,Positive
Group-oriented,Mental,Positive
Growly,Mental,Negative
Gruesome,Mental,Negative
Gruff,Mental,Negative
Grumpy,Mental,Negative
Guarded,Mental,Negative
Guileless,Mental,Negative
Guilt prone,Mental,Negative
Guilt ridden,Mental,Negative
Guilty,Mental,Negative
Gullible,Mental,Negative
Haggard,Mental,Negative
Haggling,Mental,Negative
Handsome,Mental,Positive
Happy,Mental,Positive
Happy go lucky,Mental,Positive
Hard,Mental,Negative
Hard working,Mental,Positive
Harmonious,Mental,Positive
Harried,Mental,Negative
Harsh,Mental,Negative
Has a vision for the future,Mental,Positive
Has achieved many things in life,Mental,Positive
Has clear goals,Mental,Positive
Has good taste,Mental,Positive
Hasn't achieved much in life,Mental,Negative
Hassled,Mental,Negative
Hateful,Mental,Negative
Haughty,Mental,Negative
Haunted by a ghost,Mental,Negative
Heart broken,Mental,Negative
Heartless,Mental,Negative
Heavenly,Mental,Positive
Heavy hearted,Mental,Negative
Hedonistic,Mental,Negative
Helpful,Mental,Positive
Helpless,Mental,Negative
Heroic,Mental,Positive
Hesitant,Mental,Negative
High,Mental,Negative
High energy,Mental,Positive
High self esteem,Mental,Positive
High social status,Mental,Positive
Hilarious,Mental,Positive
Hobbyist,Mental,Positive
Holy,Mental,Positive
Homeless,Mental,Negative
Homesick,Mental,Negative
Honest,Mental,Positive
Honor bound,Mental,Positive
Honorable,Mental,Positive
Hopeful,Mental,Positive
Hopeless,Mental,Negative
Horrible,Mental,Negative
Hospitable,Mental,Positive
Hostile,Mental,Negative
Hot headed,Mental,Negative
Huffy,Mental,Negative
Humble,Mental,Positive
Humorous,Mental,Positive
Hurt,Mental,Negative
Hypocritical,Mental,Negative
Hysterical,Mental,Negative
Ignorant,Mental,Negative
Ignored,Mental,Negative
Ill-bred,Mental,Negative
Imaginative,Mental,Positive
Immaculate,Mental,Positive
Immature,Mental,Negative
Immobile,Mental,Negative
Immodest,Mental,Negative
Impartial,Mental,Positive
Impatient,Mental,Negative
Impeccable,Mental,Positive
Imperial,Mental,Negative
Impersonal,Mental,Negative
Impolite,Mental,Negative
Impotent,Mental,Negative
Impoverished,Mental,Negative
Impractical,Mental,Negative
Impressed,Mental,Positive
Improves self,Mental,Positive
Impudent,Mental,Negative
Impulsive,Mental,Negative
In harmony,Mental,Positive
Inactive,Mental,Negative
Incoherent,Mental,Negative
Incompetent,Mental,Negative
Inconsiderate,Mental,Negative
Inconsistent,Mental,Negative
Indecisive,Mental,Negative
Independent,Mental,Positive
Indifferent,Mental,Negative
Indiscrete,Mental,Negative
Indiscriminate,Mental,Negative
Individualistic,Mental,Positive
Indolent,Mental,Negative
Indulgent,Mental,Negative
Industrious,Mental,Positive
Inefficient,Mental,Negative
Inept,Mental,Negative
Infantile,Mental,Negative
Infatuated,Mental,Negative
Inflexible,Mental,Negative
Informed,Mental,Positive
Infuriated,Mental,Negative
Inherited success,Mental,Negative
Inhibited,Mental,Negative
Inhumane,Mental,Negative
Inimitable,Mental,Positive
Innocent,Mental,Positive
Inquisitive,Mental,Positive
Insane,Mental,Negative
Insecure,Mental,Negative
Insensitive,Mental,Negative
Insightful,Mental,Positive
Insincere,Mental,Negative
Insipid,Mental,Negative
Insistent,Mental,Negative
Insolent,Mental,Negative
Insouciant,Mental,Negative
Inspired,Mental,Positive
Instinctive,Mental,Positive
Insulting,Mental,Negative
Intellectual,Mental,Positive
Intelligent,Mental,Positive
Intense,Mental,Negative
Interested,Mental,Positive
Interrupting,Mental,Negative
Intimidated,Mental,Negative
Intimidating,Mental,Negative
Intolerant,Mental,Negative
Intrepid,Mental,Positive
Introspective,Mental,Positive
Introverted,Mental,Positive
Intuitive,Mental,Positive
Inventive,Mental,Positive
Involved,Mental,Positive
Irresolute,Mental,Positive
Irresponsible,Mental,Negative
Irreverent,Mental,Positive
Irritable,Mental,Negative
Irritating,Mental,Negative
Isolated,Mental,Negative
Jackass,Mental,Negative
Jaded,Mental,Negative
Jealous,Mental,Negative
Jittery,Mental,Negative
Joking,Mental,Positive
Jolly,Mental,Positive
Jovial,Mental,Positive
Joyful,Mental,Positive
Joyous,Mental,Positive
Judgmental,Mental,Negative
Jumpy,Mental,Negative
Just,Mental,Positive
Keen,Mental,Positive
Kenderish,Mental,Negative
Kind,Mental,Positive
Kind hearted,Mental,Positive
Kittenish,Mental,Positive
Knowledgeable,Mental,Positive
Lackadaisical,Mental,Negative
Lacking,Mental,Negative
Laconic,Mental,Negative
Languid,Mental,Negative
Lascivious,Mental,Negative
Late,Mental,Negative
Lax,Mental,Negative
Lazy,Mental,Negative
Leader,Mental,Positive
Leaves things unfinished,Mental,Negative
Lecherous,Mental,Negative
Lethargic,Mental,Negative
Level,Mental,Positive
Lewd,Mental,Negative
Liar,Mental,Negative
Liberal,Mental,Positive
Licentious,Mental,Negative
Light-hearted,Mental,Positive
Likeable,Mental,Positive
Likes people,Mental,Positive
Limited,Mental,Negative
Linear,Mental,Positive
Lingering,Mental,Negative
Lively,Mental,Positive
Logical,Mental,Positive
Lonely,Mental,Negative
Longing,Mental,Positive
Loquacious,Mental,Negative
Lordly,Mental,Positive
Loud,Mental,Negative
Loudmouth,Mental,Negative
Lovable,Mental,Positive
Love,Mental,Positive
Lovely,Mental,Positive
"Lover, not a fighter",Mental,Positive
Loves challenge,Mental,Positive
Loving,Mental,Positive
Low confidence,Mental,Negative
Low drive,Mental,Negative
Low social status,Mental,Negative
Lowly,Mental,Negative
Loyal,Mental,Positive
Loyal to boss,Mental,Positive
Loyal to community,Mental,Positive
Loyal to family,Mental,Positive
Loyal to friends,Mental,Positive
Lucky,Mental,Positive
Lunatic,Mental,Negative
Lusty,Mental,Negative
Lying,Mental,Negative
Macho,Mental,Negative
Mad,Mental,Negative
Malevolent,Mental,Negative
Malice,Mental,Negative
Malicious,Mental,Negative
Maniacal,Mental,Negative
Manic,Mental,Negative
Manipulative,Mental,Negative
Mannered,Mental,Positive
Mannerly,Mental,Positive
Masochistic,Mental,Negative
Materialistic,Mental,Negative
Matronly,Mental,Positive
Matter-of-fact,Mental,Positive
Mature,Mental,Positive
Maudlin,Mental,Negative
Mean,Mental,Negative
Mean-spirited,Mental,Negative
Meek,Mental,Negative
Megalomaniac,Mental,Negative
Melancholy,Mental,Negative
Melodramatic,Mental,Negative
Mentally slow,Mental,Negative
Merciful,Mental,Positive
Mercurial,Mental,Negative
Messy,Mental,Negative
Meticulous,Mental,Positive
Mild,Mental,Positive
Mischievous,Mental,Positive
Miserable,Mental,Negative
Miserly,Mental,Negative
Mistrusting,Mental,Negative
Modern,Mental,Positive
Modest,Mental,Positive
Moody,Mental,Negative
Moping,Mental,Negative
Moralistic,Mental,Negative
Morbid,Mental,Negative
Motherly,Mental,Positive
Motivated,Mental,Positive
Muddled goals,Mental,Negative
Murderer,Mental,Negative
Mysterious,Mental,Positive
Mystical,Mental,Positive
Nagging,Mental,Negative
Naive,Mental,Negative
Narcissistic,Mental,Negative
Narrow-minded,Mental,Negative
Nasty,Mental,Negative
Natural leader,Mental,Positive
Naughty,Mental,Negative
Neat,Mental,Positive
Needs social approval,Mental,Negative
Needy,Mental,Negative
Negative,Mental,Negative
Negligent,Mental,Negative
Nervous,Mental,Negative
Neurotic,Mental,Negative
Never gives up,Mental,Positive
Never hungry,Mental,Positive
Nibbler,Mental,Negative
Nice,Mental,Positive
Night owl,Mental,Positive
Nihilistic,Mental,Negative
Nit picker,Mental,Negative
No purpose,Mental,Negative
No self confidence,Mental,Negative
No-nonsense,Mental,Positive
Noble,Mental,Positive
Noisy,Mental,Negative
Non-committing,Mental,Negative
Nonchalant,Mental,Positive
Nonconforming,Mental,Positive
Nostalgic,Mental,Positive
Nosy,Mental,Negative
Not trustworthy,Mental,Negative
Nuanced,Mental,Positive
Nuisance,Mental,Negative
Nurturing,Mental,Positive
Nut,Mental,Negative
Obedient,Mental,Positive
Obliging,Mental,Positive
Oblivious,Mental,Negative
Obnoxious,Mental,Negative
Obscene,Mental,Negative
Obsequious,Mental,Negative
Observant,Mental,Positive
Obsessed,Mental,Negative
Obsessive about something,Mental,Negative
Obstinate,Mental,Negative
Odd,Mental,Negative
Odious,Mental,Negative
Open,Mental,Positive
Open to change,Mental,Positive
Open-minded,Mental,Positive
Opinionated,Mental,Negative
Opportunistic,Mental,Negative
Oppositional,Mental,Negative
Optimistic,Mental,Positive
Orcish,Mental,Negative
Orderly,Mental,Positive
Organized,Mental,Positive
Ornery,Mental,Negative
Ossified,Mental,Negative
Ostentatious,Mental,Negative
Others can't be relied on,Mental,Negative
Outgoing,Mental,Positive
Outraged,Mental,Negative
Outrageous,Mental,Negative
Outspoken,Mental,Positive
Over wrought,Mental,Negative
Overbearing,Mental,Negative
Overconfident,Mental,Negative
Overwhelmed,Mental,Negative
Overwhelming,Mental,Negative
Paces,Mental,Positive
Pacifistic,Mental,Positive
Painstaking,Mental,Positive
Pampered,Mental,Negative
Panicked,Mental,Negative
Panicky,Mental,Negative
Paranoid,Mental,Negative
Participating,Mental,Positive
Particular,Mental,Positive
Passionate,Mental,Positive
Passive,Mental,Negative
Passive-aggressive,Mental,Negative
Pathetic,Mental,Negative
Patient,Mental,Positive
Patriotic,Mental,Positive
Peaceful,Mental,Positive
Penitent,Mental,Positive
Pensive,Mental,Negative
Perceptive,Mental,Positive
Perfect,Mental,Negative
Perfectionist,Mental,Negative
Performer,Mental,Positive
Persecuted,Mental,Negative
Perserverant,Mental,Negative
Perseveres,Mental,Negative
Persevering,Mental,Negative
Persistent,Mental,Positive
Personable,Mental,Positive
Persuasive,Mental,Positive
Pert,Mental,Positive
Perverse,Mental,Negative
Perverted,Mental,Negative
Pessimistic,Mental,Negative
Petrified,Mental,Negative
Petty,Mental,Negative
Petulant,Mental,Negative
Philanthropic,Mental,Positive
Picky,Mental,Negative
Pious,Mental,Positive
Pitiful,Mental,Negative
Pity,Mental,Negative
Placid,Mental,Negative
Playful,Mental,Positive
Pleasant,Mental,Positive
Pleased,Mental,Positive
Pleasing,Mental,Positive
Plotting,Mental,Negative
Plucky,Mental,Positive
Polished,Mental,Positive
Polite,Mental,Positive
Pompous,Mental,Negative
Poor,Mental,Negative
Poor communicator,Mental,Negative
Poor listener,Mental,Negative
Popular,Mental,Positive
Positive,Mental,Positive
Possessive,Mental,Negative
Power-hungry,Mental,Negative
Practical,Mental,Positive
Precise,Mental,Positive
Predictable,Mental,Positive
Preoccupied,Mental,Negative
Pressured,Mental,Negative
Presumptuous,Mental,Negative
Pretentious,Mental,Negative
Pretty,Mental,Positive
Prim,Mental,Negative
Primitive,Mental,Negative
Private,Mental,Positive
Productive,Mental,Positive
Profane,Mental,Negative
Professional,Mental,Positive
Professional demeanor,Mental,Positive
Promiscuous,Mental,Negative
Proper,Mental,Positive
Prosaic,Mental,Positive
Prosperous,Mental,Positive
Protective,Mental,Positive
Proud,Mental,Positive
Prudent,Mental,Positive
Psychotic,Mental,Negative
Puckish,Mental,Positive
Punctilious,Mental,Positive
Punctual,Mental,Positive
Purposeful,Mental,Positive
Pushy,Mental,Negative
Puzzled,Mental,Negative
Quarrelsome,Mental,Negative
Quick,Mental,Positive
Quick tempered,Mental,Positive
Quiet,Mental,Positive
Quirky,Mental,Positive
Quitter,Mental,Negative
Quixotic,Mental,Negative
Radical,Mental,Negative
Raging,Mental,Negative
Rambunctious,Mental,Negative
Random,Mental,Negative
Rapturous,Mental,Positive
Rash,Mental,Negative
Rational,Mental,Positive
Rawboned,Mental,Negative
Reactionary,Mental,Negative
Realistic,Mental,Positive
Reasonable,Mental,Positive
Reasoning,Mental,Positive
Rebellious,Mental,Negative
Recalcitrant,Mental,Positive
Receptive,Mental,Positive
Reckless,Mental,Negative
Reclusive,Mental,Positive
Refined,Mental,Positive
Reflective,Mental,Positive
Refreshed,Mental,Positive
Regretful,Mental,Negative
Rejected,Mental,Negative
Rejects change,Mental,Negative
Relaxed,Mental,Positive
Relentless,Mental,Positive
Relents,Mental,Negative
Reliable,Mental,Positive
Relieved,Mental,Positive
Religious,Mental,Positive
Reluctant,Mental,Negative
Remorseful,Mental,Negative
Remote,Mental,Positive
Repugnant,Mental,Negative
Repulsive,Mental,Negative
Resentful,Mental,Negative
Reserved,Mental,Positive
Resilient,Mental,Positive
Resolute,Mental,Positive
Resourceful,Mental,Positive
Respected in the community,Mental,Positive
Respectful,Mental,Positive
Respects experience,Mental,Positive
Respects traditional ideas,Mental,Positive
Responsible,Mental,Positive
Responsive,Mental,Positive
Restless,Mental,Negative
Restrained,Mental,Positive
Results-oriented,Mental,Positive
Retiring,Mental,Positive
Reverent,Mental,Positive
Rewarded,Mental,Positive
Rhetorical,Mental,Negative
Rich,Mental,Positive
Right,Mental,Positive
Righteous,Mental,Positive
Rigid,Mental,Negative
Risk averse,Mental,Negative
Risk-taking,Mental,Positive
Robust and healthy,Mental,Positive
Rogue,Mental,Negative
Romantic,Mental,Positive
Rough,Mental,Negative
Rowdy,Mental,Negative
Rude,Mental,Negative
Rugged,Mental,Positive
Rule-bound,Mental,Negative
Rule-conscious,Mental,Positive
Ruthless,Mental,Negative
Sacrificing,Mental,Positive
Sad,Mental,Negative
Sadistic,Mental,Negative
Safe,Mental,Positive
Sagely,Mental,Positive
Saintly,Mental,Positive
Salient,Mental,Positive
Sanctimonious,Mental,Negative
Sanguine,Mental,Positive
Sarcastic,Mental,Negative
Sassy,Mental,Negative
Satisfied,Mental,Positive
Saucy,Mental,Positive
Savage,Mental,Positive
Savvy,Mental,Positive
Scared,Mental,Negative
Scarred,Mental,Negative
Scary,Mental,Negative
Scattered,Mental,Negative
Scheming,Mental,Negative
Scornful,Mental,Negative
Scrawny,Mental,Negative
Screwed up,Mental,Negative
Scruffy,Mental,Negative
Secretive,Mental,Negative
Secure,Mental,Positive
Sedate,Mental,Negative
Seditious,Mental,Negative
Seductive,Mental,Negative
Sees the big picture,Mental,Positive
Selective,Mental,Positive
Self-absorbed,Mental,Negative
Self-assured,Mental,Positive
Self-blaming,Mental,Negative
Self-centered,Mental,Negative
Self-confident,Mental,Positive
Self-conscious,Mental,Negative
Self-controlling,Mental,Positive
Self-deprecating,Mental,Positive
Self-directed,Mental,Positive
Self-disciplined,Mental,Positive
Self-doubting,Mental,Negative
Self-effacing,Mental,Positive
Self-giving,Mental,Positive
Self-indulgent,Mental,Negative
Self-made,Mental,Positive
Self-reliant,Mental,Positive
Self-righteous,Mental,Negative
Self-satisfied,Mental,Positive
Self-serving,Mental,Negative
Self-sufficient,Mental,Positive
Selfish,Mental,Negative
Selfless,Mental,Positive
Senile,Mental,Negative
Sense of duty,Mental,Positive
Sensitive,Mental,Positive
Sensual,Mental,Positive
Sentimental,Mental,Positive
Serene,Mental,Positive
Serious,Mental,Positive
Servile,Mental,Negative
Settled,Mental,Positive
Sexual,Mental,Negative
Sexy,Mental,Positive
Shallow,Mental,Negative
Shameless,Mental,Positive
Sharp,Mental,Positive
Sharp-tongued,Mental,Negative
Sharp-witted,Mental,Positive
Sheepish,Mental,Negative
Shiftless,Mental,Negative
Shifty,Mental,Negative
Shocked,Mental,Negative
Short,Mental,Positive
Short-tempered,Mental,Negative
Shows initiative,Mental,Positive
Shrewd,Mental,Positive
Shy,Mental,Positive
Silent,Mental,Positive
Silky,Mental,Positive
Silly,Mental,Negative
Simple,Mental,Positive
Simple-minded,Mental,Negative
Sincere,Mental,Positive
Sisterly,Mental,Positive
Skeptical,Mental,Positive
Skillful,Mental,Positive
Sleazy,Mental,Negative
Sloppy,Mental,Negative
Slovenly,Mental,Negative
Slow paced,Mental,Negative
Sluggish,Mental,Negative
Slutty,Mental,Negative
Sly,Mental,Negative
Small-minded,Mental,Negative
Smart,Mental,Positive
Smiling,Mental,Positive
Smooth,Mental,Positive
Sneaky,Mental,Negative
Snob,Mental,Negative
Snobbish,Mental,Negative
Sociable,Mental,Positive
Socially bold,Mental,Positive
Socially precise,Mental,Positive
Soft,Mental,Negative
Soft-hearted,Mental,Positive
Soft-spoken,Mental,Positive
Solemn,Mental,Positive
Solitary,Mental,Positive
Solution-oriented,Mental,Positive
Sophisticated,Mental,Positive
Sore,Mental,Negative
Sorrowful,Mental,Negative
Sorry,Mental,Negative
Sour,Mental,Negative
Spendthrift,Mental,Positive
Spiritual,Mental,Positive
Spiteful,Mental,Negative
Splendid,Mental,Positive
Spoiled,Mental,Negative
Spontaneous,Mental,Positive
Sports fan,Mental,Positive
Spunky,Mental,Positive
Squeamish,Mental,Negative
Staid,Mental,Positive
Startled,Mental,Negative
Stately,Mental,Positive
Static,Mental,Negative
Steadfast,Mental,Positive
Steady,Mental,Positive
Stern,Mental,Positive
Stimulating,Mental,Positive
Stingy,Mental,Negative
Stoic,Mental,Positive
Stoical,Mental,Positive
Stolid,Mental,Positive
Straight-laced,Mental,Positive
Straightforward,Mental,Positive
Strange,Mental,Negative
Stress free,Mental,Positive
Stressed out,Mental,Negative
Strict,Mental,Negative
Strident,Mental,Positive
Strong,Mental,Positive
"Agile, nimble fingers",Physical,Positive
Strong willed,Mental,Positive
Stubborn,Mental,Negative
Studious,Mental,Positive
Stunned,Mental,Negative
Stupefied,Mental,Negative
Stupid,Mental,Negative
Suave,Mental,Positive
Submissive,Mental,Negative
Subtle,Mental,Positive
Successful,Mental,Positive
Successful in school,Mental,Positive
Successful in work,Mental,Positive
Succinct,Mental,Positive
Suffering,Mental,Negative
Sulky,Mental,Negative
Sullen,Mental,Negative
Sultry,Mental,Positive
Supercilious,Mental,Negative
Superstitious,Mental,Negative
Supportive,Mental,Positive
Sure,Mental,Positive
Surly,Mental,Negative
Suspicious,Mental,Negative
Suspicious of strangers,Mental,Negative
Sweet,Mental,Positive
Sycophantic,Mental,Negative
Sympathetic,Mental,Positive
Systematic,Mental,Positive
Taciturn,Mental,Negative
Tacky,Mental,Negative
Tactful,Mental,Positive
Tactless,Mental,Negative
Takes responsibility,Mental,Positive
Talented,Mental,Positive
Talkative,Mental,Positive
Tardy,Mental,Negative
Tasteful,Mental,Positive
Telepathic,Mental,Positive
Temperamental,Mental,Negative
Temperate,Mental,Positive
Tempted,Mental,Negative
Tenacious,Mental,Positive
Tender minded,Mental,Positive
Tense,Mental,Negative
Tentative,Mental,Negative
Tenuous,Mental,Negative
Terrible,Mental,Negative
Terrified,Mental,Negative
Testy,Mental,Negative
Thankful,Mental,Positive
Thankless,Mental,Negative
Thick skinned,Mental,Positive
Thief,Mental,Negative
Thorough,Mental,Positive
Thoughtful,Mental,Positive
Thoughtless,Mental,Negative
Threatened,Mental,Negative
Threatening,Mental,Negative
Thrifty,Mental,Positive
Thrilled,Mental,Positive
Thrillseeker,Mental,Negative
Thwarted,Mental,Negative
Tight,Mental,Negative
Time driven,Mental,Positive
Timid,Mental,Negative
Tired,Mental,Negative
Tireless,Mental,Positive
Tiresome,Mental,Negative
Toadying,Mental,Negative
Tolerant,Mental,Positive
Tolerates disorder,Mental,Negative
Torpid,Mental,Negative
Touchy,Mental,Negative
Tough,Mental,Positive
Tough-minded,Mental,Positive
Traditional,Mental,Positive
Traitorous,Mental,Negative
Tranquil,Mental,Positive
Treacherous,Mental,Negative
Treasonous,Mental,Negative
Tricky,Mental,Negative
Tries to do everything,Mental,Negative
Trivial,Mental,Negative
Troubled,Mental,Negative
Truculent,Mental,Negative
Trusting,Mental,Positive
Trustworthy,Mental,Positive
Truthful,Mental,Positive
Typical,Mental,Positive
Tyrannical,Mental,Negative
Unappreciative,Mental,Negative
Unapproachable,Mental,Negative
Unassuming,Mental,Negative
Unaware of own limitations,Mental,Negative
Unbending,Mental,Positive
Unbiased,Mental,Positive
Uncaring,Mental,Negative
Uncommitted,Mental,Negative
Uncommunicative,Mental,Negative
Unconcerned,Mental,Negative
Unconditional,Mental,Negative
Uncontrolled,Mental,Negative
Unconventional,Mental,Positive
Uncooperative,Mental,Negative
Uncoordinated,Mental,Negative
Uncouth,Mental,Negative
Undependable,Mental,Negative
Understanding,Mental,Positive
Undesirable,Mental,Negative
Undisciplined,Mental,Negative
Uneasy,Mental,Negative
Uneducated,Mental,Negative
Unenthusiastic,Mental,Negative
Unexacting,Mental,Negative
Unfeeling,Mental,Negative
Unfocused,Mental,Negative
Unforgiving,Mental,Negative
Unfriendly,Mental,Negative
Ungrateful,Mental,Negative
Unhappy,Mental,Negative
Unhelpful,Mental,Negative
Uninhibited,Mental,Negative
Unkind,Mental,Negative
Unlucky,Mental,Negative
Unmotivated,Mental,Negative
Unpredictable,Mental,Negative
Unprejudiced,Mental,Positive
Unpretentious,Mental,Positive
Unreasonable,Mental,Negative
Unreceptive,Mental,Negative
Unreliable,Mental,Negative
Unresponsive,Mental,Negative
Unrestrained,Mental,Negative
Unruly,Mental,Negative
Unscrupulous,Mental,Negative
Unselfish,Mental,Positive
Unsentimental,Mental,Negative
Unsettled,Mental,Negative
Unshakeable,Mental,Positive
Unsure,Mental,Negative
Unsuspecting,Mental,Negative
Unsuspicious,Mental,Negative
Unsympathetic,Mental,Negative
Unsystematic,Mental,Negative
Unusual,Mental,Positive
Unwilling,Mental,Negative
Unworried,Mental,Positive
Upbeat,Mental,Positive
Upset,Mental,Negative
Uptight,Mental,Positive
Useful,Mental,Positive
Utilitarian,Mental,Positive
Vacant,Mental,Negative
Vague,Mental,Negative
Vain,Mental,Negative
Valiant,Mental,Positive
Valorous,Mental,Positive
Values fair competition,Mental,Positive
Values family,Mental,Positive
Values hard work,Mental,Positive
Values honesty,Mental,Positive
Values material possessions,Mental,Positive
Values money,Mental,Positive
Values religion,Mental,Positive
Vehement,Mental,Negative
Vengeful,Mental,Negative
Venomous,Mental,Negative
Venturesome,Mental,Positive
Verbose,Mental,Negative
Versatile,Mental,Positive
Veteran,Mental,Positive
Vicious,Mental,Negative
Vigilant,Mental,Positive
Vigorous,Mental,Positive
Vindictive,Mental,Negative
Violent,Mental,Negative
Virtuous,Mental,Positive
Visual,Mental,Positive
Vital,Mental,Positive
Vivacious,Mental,Positive
Volatile,Mental,Negative
Voracious,Mental,Negative
Vulgar,Mental,Negative
Vulnerable,Mental,Negative
Wanton,Mental,Negative
Warlike,Mental,Positive
Warm,Mental,Positive
Warm hearted,Mental,Positive
Wary,Mental,Positive
Wasteful,Mental,Negative
Watchful,Mental,Positive
Weak,Mental,Negative
Weak nerves,Mental,Negative
Weary,Mental,Negative
Weepy,Mental,Negative
Weird,Mental,Negative
Welcoming,Mental,Positive
Well grounded,Mental,Positive
Well-groomed,Mental,Positive
Whimsical,Mental,Negative
Wholesome,Mental,Positive
Wicked,Mental,Negative
Wild,Mental,Negative
Willful,Mental,Negative
Willing,Mental,Positive
Willpower,Mental,Positive
Wise,Mental,Positive
Wishy washy,Mental,Negative
Withdrawn,Mental,Negative
Witty,Mental,Positive
Wonderful,Mental,Positive
Works well under pressure,Mental,Positive
Worldly,Mental,Positive
Worried,Mental,Negative
Worrying,Mental,Negative
Worshipful,Mental,Positive
Worships the devil,Mental,Negative
Worthless,Mental,Negative
Wretched,Mental,Negative
Xenophobic,Mental,Negative
Youthful,Mental,Positive
Zany,Mental,Negative
Zealot,Mental,Negative
Zealous,Mental,Negative
Almond-shaped eyes,Physical,Positive
Art collector,Physical,Positive
Athletic build,Physical,Positive
Albinism,Physical,Negative
Athletic gait,Physical,Positive
Always hungry,Physical,Negative
Bald patches,Physical,Negative
Beer belly,Physical,Negative
"Athletic, runner's legs",Physical,Positive
Birthmarks,Physical,Negative
"Athletic, swimmer's build",Physical,Positive
Blistered skin,Physical,Negative
Ill,Physical,Negative
Beautiful,Physical,Positive
Bright eyes,Physical,Positive
Bloodied knuckles,Physical,Negative
Bloodshot eyes,Physical,Negative
Bony hands,Physical,Negative
Sterile,Mental,Negative
"Bright, aurora-like glow",Physical,Positive
Bow-legged,Physical,Negative
Brittle nails,Physical,Negative
"Bright, cheerful smile",Physical,Positive
"Bright, clear complexion",Physical,Positive
Broken nose,Physical,Negative
Possessed,Mental,Negative
Psychopath,Mental,Negative
Bulging eyes,Physical,Negative
Bunion,Physical,Negative
Burn marks,Physical,Negative
Calloused hands,Physical,Negative
Cauliflower ear,Physical,Negative
Chapped lips,Physical,Negative
Cleft lip,Physical,Negative
Clubfoot,Physical,Negative
Clumsy,Physical,Negative
Corns on feet,Physical,Negative
Cross-eyed,Physical,Negative
Crow's feet,Physical,Negative
Dirty,Physical,Negative
Diseased,Physical,Negative
Double chin,Physical,Negative
Drooping eyelids,Physical,Negative
Drunk,Physical,Negative
"Dry, cracked skin",Physical,Negative
Filthy,Physical,Negative
Flabby arms,Physical,Negative
Flaring nostrils,Physical,Negative
Flat-footed,Physical,Negative
Flushed skin,Physical,Negative
Frail frame,Physical,Negative
Freckles,Physical,Negative
Frown lines,Physical,Negative
Gangly limbs,Physical,Negative
Gapped teeth,Physical,Negative
Graying hair,Physical,Negative
Hairy back,Physical,Negative
Hairy moles,Physical,Negative
Harelip,Physical,Negative
Hollow cheeks,Physical,Negative
Hooked nose,Physical,Negative
Hormonal,Physical,Negative
Hunchback,Physical,Negative
Jaundiced skin,Physical,Negative
Knock-kneed,Physical,Negative
Lanky stature,Physical,Negative
Lazy eye,Physical,Negative
Limp,Physical,Negative
Liver spots,Physical,Negative
Matted hair,Physical,Negative
Mismatched eyes,Physical,Negative
Missing eyebrow,Physical,Negative
Missing fingers,Physical,Negative
Missing teeth,Physical,Negative
Moles,Physical,Negative
Narrow-set eyes,Physical,Negative
Obese,Physical,Negative
Oily skin,Physical,Negative
Overbite,Physical,Negative
Overweight,Physical,Negative
Pallor,Physical,Negative
Patchy hair,Physical,Negative
Peeling skin,Physical,Negative
Pigeon-toed,Physical,Negative
Plain,Physical,Negative
Pockmarks,Physical,Negative
Protruding belly,Physical,Negative
Protruding ears,Physical,Negative
Protruding teeth,Physical,Negative
Raspy voice,Physical,Negative
Receding hairline,Physical,Negative
Rickets (bowed legs),Physical,Negative
Rosacea,Physical,Negative
Ruddy complexion,Physical,Negative
Sallow skin,Physical,Negative
Scarred face,Physical,Negative
Shortness of breath,Physical,Negative
Shuffling walk,Physical,Negative
Slouching posture,Physical,Negative
Sparse beard,Physical,Negative
Sparse eyebrows,Physical,Negative
Spindly legs,Physical,Negative
Splayed feet,Physical,Negative
Stooped gait,Physical,Negative
Stooped posture,Physical,Negative
Stooped shoulders,Physical,Negative
Stutter,Physical,Negative
Sunburn,Physical,Negative
Sunken cheeks,Physical,Negative
Sunken eyes,Physical,Negative
Swollen glands,Physical,Negative
Swollen joints,Physical,Negative
Thin lips,Physical,Negative
"Thin, reedy voice",Physical,Negative
Trembling hands,Physical,Negative
Ugly,Physical,Negative
Unclean,Physical,Negative
Underbite,Physical,Negative
Uneven beard,Physical,Negative
Uneven skin tone,Physical,Negative
Varicose veins,Physical,Negative
Vitiligo patches,Physical,Negative
Warts,Physical,Negative
Weak constitution,Physical,Negative
Wheezing,Physical,Negative
Wide-set eyes,Physical,Negative
Yellowed teeth,Physical,Negative
Overgrown nails,Physical,Negative
Rigid posture,Physical,Negative
Stiff joints,Physical,Negative
Constant sniffling,Physical,Negative
Mumbling speech,Physical,Negative
Gravelly voice,Physical,Negative
Constant cough,Physical,Negative
Visible veins on hands,Physical,Negative
Stooped neck,Physical,Negative
Protruding spine,Physical,Negative
Uneven shoulders,Physical,Negative
Asymmetrical face,Physical,Negative
Dull eyes,Physical,Negative
Constantly sweaty palms,Physical,Negative
Tangled hair,Physical,Negative
Unkempt beard,Physical,Negative
Constantly dirty hands,Physical,Negative
Faded tattoos,Physical,Negative
Discolored patches of skin,Physical,Negative
Constantly chapped hands,Physical,Negative
Overly thin,Physical,Negative
Overly muscular to the point of immobility,Physical,Negative
Constantly red nose (from cold or other reasons),Physical,Negative
Always squinting,Physical,Negative
Missing eyelashes,Physical,Negative
Sparse hair on head,Physical,Negative
Overgrown ear hair,Physical,Negative
Constantly biting nails,Physical,Negative
Always has a runny nose,Physical,Negative
Visible scars on hands,Physical,Negative
Scars from self-harm,Physical,Negative
Constantly tapping foot (nervous tic),Physical,Negative
Always looks tired,Physical,Negative
Swollen ankles,Physical,Negative
Constantly scratching an itch,Physical,Negative
Always looks pale,Physical,Negative
Visible stretch marks,Physical,Negative
Constantly blinks,Physical,Negative
Always looks dehydrated,Physical,Negative
Overly large forehead,Physical,Negative
Too thin lips,Physical,Negative
Always has a furrowed brow,Physical,Negative
Visible lice in hair,Physical,Negative
Always has a scowl,Physical,Negative
Missing earlobe,Physical,Negative
Overly pointy ears,Physical,Negative
Always has a flushed face,Physical,Negative
Constantly clears throat,Physical,Negative
Always seems out of breath,Physical,Negative
Has a limp wrist,Physical,Negative
Always shivers (even when it's not cold),Physical,Negative
Overly hairy chest,Physical,Negative
Constant hiccups,Physical,Negative
Always has food stains on face or clothes,Physical,Negative
Visible burn scars,Physical,Negative
Always looks malnourished,Physical,Negative
Constantly snorts when laughing,Physical,Negative
Always has a hoarse voice,Physical,Negative
Overly wrinkled skin for age,Physical,Negative
Constantly twitches nose,Physical,Negative
Always has a pained expression,Physical,Negative
Missing a chunk of eyebrow,Physical,Negative
Overly broad shoulders,Physical,Negative
Always has wind-swept hair,Physical,Negative
Constantly grinds teeth,Physical,Negative
Always has a nervous laugh,Physical,Negative
Missing patches of beard,Physical,Negative
Overly long toes,Physical,Negative
Always has cold hands,Physical,Negative
Constantly sniffs,Physical,Negative
Always looks disheveled,Physical,Negative
Overly thick neck,Physical,Negative
Constantly wrings hands,Physical,Negative
Always has flaky skin,Physical,Negative
Overly knobby knees,Physical,Negative
Always has a vacant stare,Physical,Negative
Constantly bites inner cheek,Physical,Negative
Always has a sweaty brow,Physical,Negative
Overly wide-set nostrils,Physical,Negative
Constantly picks at skin,Physical,Negative
Always has a raspy breath,Physical,Negative
Missing patches of hair on arms,Physical,Negative
Overly long fingernails,Physical,Negative
Always has a nervous twitch,Physical,Negative
Constantly shakes head,Physical,Negative
Always looks gaunt,Physical,Negative
Overly bony elbows,Physical,Negative
Always has a whiny voice,Physical,Negative
Constantly cracks knuckles,Physical,Negative
Always looks greasy,Physical,Negative
Overly large hands for body size,Physical,Negative
Constantly purses lips,Physical,Negative
Always has a wary look,Physical,Negative
Overly sunken collarbones,Physical,Negative
Always has a grimace,Physical,Negative
Constantly clenches jaw,Physical,Negative
Always looks startled,Physical,Negative
Overly pronounced Adam's apple,Physical,Negative
Constantly rubs hands together,Physical,Negative
Always has a haunted expression,Physical,Negative
"Bright, comet-like trail",Physical,Positive
"Bright, daisy-like smile",Physical,Positive
"Bright, gem-like eyes",Physical,Positive
"Bright, rainbow-colored eyes",Physical,Positive
"Bright, sapphire-like eyes",Physical,Positive
"Bright, sunflower-like smile",Physical,Positive
"Calm, serene demeanor",Physical,Positive
"Captivating, magnetic gaze",Physical,Positive
Chiseled jawline,Physical,Positive
Clean,Physical,Positive
Clear complexion,Physical,Positive
Coherent,Physical,Positive
Confident posture,Physical,Positive
Crystal-clear blue eyes,Physical,Positive
Curly hair,Physical,Positive
"Deep-set, thoughtful eyes",Physical,Positive
"Deep, contemplative gaze",Physical,Positive
"Deep, resonant voice",Physical,Positive
"Deep, soulful eyes",Physical,Positive
Defined cheekbones,Physical,Positive
Delicate wrists,Physical,Positive
"Delicate, dove-like grace",Physical,Positive
"Delicate, fluttering eyelashes",Physical,Positive
"Delicate, lace-like fingers",Physical,Positive
"Delicate, pixie-like features",Physical,Positive
"Delicate, porcelain skin",Physical,Positive
"Delicate, rose-like blush",Physical,Positive
"Delicate, snowflake-like eyelashes",Physical,Positive
Dimpled smile,Physical,Positive
"Enchanting, fairy-like glow",Physical,Positive
"Enchanting, moonlit smile",Physical,Positive
"Enchanting, nymph-like dance",Physical,Positive
"Enchanting, siren-like song",Physical,Positive
"Energetic, lively movements",Physical,Positive
"Enigmatic, mysterious aura",Physical,Positive
"Enigmatic, owl-like wisdom",Physical,Positive
"Enigmatic, sphinx-like gaze",Physical,Positive
"Exotic, tiger-like stripes",Physical,Positive
Expressive hands,Physical,Positive
"Exquisite, elfin features",Physical,Positive
"Fiery, passionate eyes",Physical,Positive
Firm grip,Physical,Positive
"Firm, toned abdomen",Physical,Positive
Flowing mane of hair,Physical,Positive
Freckle-dusted face,Physical,Positive
Full lips,Physical,Positive
Gentle hands,Physical,Positive
"Gentle, butterfly-like grace",Physical,Positive
"Gentle, caressing touch",Physical,Positive
"Gentle, deer-like eyes",Physical,Positive
"Gentle, fawn-like steps",Physical,Positive
"Gentle, lamb-like demeanor",Physical,Positive
"Gentle, reassuring gaze",Physical,Positive
"Gentle, soothing voice",Physical,Positive
Graceful dancer's feet,Physical,Positive
Graceful fingers,Physical,Positive
Graceful posture,Physical,Positive
"Graceful, ballerina-like poise",Physical,Positive
"Graceful, balletic movements",Physical,Positive
"Graceful, gazelle-like leap",Physical,Positive
"Graceful, peacock-like display",Physical,Positive
"Graceful, swan-like movements",Physical,Positive
"Graceful, swan-like neck",Physical,Positive
"Graceful, willow-like sway",Physical,Positive
Hardy,Physical,Positive
"Harmonious, tuneful whistle",Physical,Positive
Healthy,Physical,Positive
Heartwarming grin,Physical,Positive
"Hypnotic, oceanic eyes",Physical,Positive
"Invigorating, youthful energy",Physical,Positive
Inviting smile,Physical,Positive
Lean,Physical,Positive
Lean physique,Physical,Positive
"Lithe, dancer's grace",Physical,Positive
Lively step,Physical,Positive
"Lively, animated expressions",Physical,Positive
"Lively, animated gestures",Physical,Positive
"Lively, bouncy curls",Physical,Positive
"Lively, monkey-like antics",Physical,Positive
"Lively, springy step",Physical,Positive
"Lively, squirrel-like energy",Physical,Positive
"Long, elegant neck",Physical,Positive
"Luminous, lantern-like eyes",Physical,Positive
"Luminous, radiant aura",Physical,Positive
"Luminous, starry-eyed gaze",Physical,Positive
Lustrous hair,Physical,Positive
"Lustrous, pearl-like complexion",Physical,Positive
"Lustrous, raven-black hair",Physical,Positive
"Lustrous, shiny locks",Physical,Positive
"Lustrous, unicorn-like mane",Physical,Positive
"Majestic, dragon-like scales",Physical,Positive
"Majestic, eagle-like profile",Physical,Positive
"Majestic, phoenix-like aura",Physical,Positive
"Majestic, royal bearing",Physical,Positive
Melodic singing voice,Physical,Positive
Melodious laugh,Physical,Positive
Mesmerizing eyes,Physical,Positive
Muscular legs,Physical,Positive
"Musical, songbird voice",Physical,Positive
Nimble,Physical,Positive
Nimble movements,Physical,Positive
Petite frame,Physical,Positive
Piercing gaze,Physical,Positive
Playful dimples,Physical,Positive
"Powerful, bear-like embrace",Physical,Positive
"Powerful, Hercules-like strength",Physical,Positive
"Powerful, thunder-like voice",Physical,Positive
"Powerful, wolf-like presence",Physical,Positive
Radiant skin,Physical,Positive
"Radiant, glowing aura",Physical,Positive
Refreshing scent,Physical,Positive
"Refreshing, dewy skin",Physical,Positive
"Refreshing, minty breath",Physical,Positive
"Regal, lion-like mane",Physical,Positive
"Resilient, warrior's stance",Physical,Positive
Robust hands,Physical,Positive
Rosy cheeks,Physical,Positive
Sculpted arms,Physical,Positive
Sculpted cheekbones,Physical,Positive
"Serene, meditative presence",Physical,Positive
Shapely eyebrows,Physical,Positive
"Shapely, toned figure",Physical,Positive
Shimmering hair,Physical,Positive
"Shiny, well-kept nails",Physical,Positive
"Silken, cascading hair",Physical,Positive
Silky voice,Physical,Positive
"Silky, smooth hair",Physical,Positive
Sleek neck,Physical,Positive
"Sleek, otter-like movements",Physical,Positive
"Sleek, panther-like grace",Physical,Positive
"Sleek, toned legs",Physical,Positive
Slender fingers,Physical,Positive
"Smooth, even teeth",Physical,Positive
Soft-spoken voice,Physical,Positive
"Soft, bunny-like nose twitch",Physical,Positive
"Soft, cloud-like hair",Physical,Positive
"Soft, downy cheeks",Physical,Positive
"Soft, feather-like touch",Physical,Positive
"Soft, kissable lips",Physical,Positive
"Soft, kitten-like purr",Physical,Positive
"Soft, marshmallow-like cheeks",Physical,Positive
"Soft, melodious laughter",Physical,Positive
"Soft, pillowy lips",Physical,Positive
"Soft, plush-like lips",Physical,Positive
"Soft, silk-like hair texture",Physical,Positive
"Soft, smooth skin",Physical,Positive
"Soft, velvety skin",Physical,Positive
Sparkling teeth,Physical,Positive
"Straight, white teeth",Physical,Positive
Striking profile,Physical,Positive
Striking silhouette,Physical,Positive
"Striking, hawk-like gaze",Physical,Positive
"Striking, regal posture",Physical,Positive
Strong chin,Physical,Positive
Strong nerves,Physical,Positive
"Strong, broad shoulders",Physical,Positive
"Strong, centaur-like stance",Physical,Positive
"Strong, confident stride",Physical,Positive
"Strong, dependable hands",Physical,Positive
"Strong, healthy nails",Physical,Positive
"Strong, ox-like stamina",Physical,Positive
"Strong, protective arms",Physical,Positive
"Strong, stallion-like stride",Physical,Positive
"Strong, sturdy back",Physical,Positive
"Strong, titan-like presence",Physical,Positive
Sun-kissed skin,Physical,Positive
Sunlit hair streaks,Physical,Positive
Symmetrical face,Physical,Positive
Tall,Physical,Positive
Tall stature,Physical,Positive
Tanned skin,Physical,Positive
"Thick, healthy hair",Physical,Positive
"Thick, luscious eyelashes",Physical,Positive
Toned arms,Physical,Positive
Twinkling eyes,Physical,Positive
Twinkling starlit eyes,Physical,Positive
"Velvety, melodious voice",Physical,Positive
Vibrant hair color,Physical,Positive
"Vibrant, fiery red hair",Physical,Positive
"Vibrant, healthy glow",Physical,Positive
"Vibrant, spirited energy",Physical,Positive
"Warm, caramel-toned skin",Physical,Positive
"Warm, cinnamon-spiced scent",Physical,Positive
"Warm, cocoa-brown eyes",Physical,Positive
"Warm, comforting touch",Physical,Positive
"Warm, golden-hued skin",Physical,Positive
"Warm, honeyed voice",Physical,Positive
"Warm, inviting eyes",Physical,Positive
"Warm, rosy glow",Physical,Positive
"Warm, sun-bronzed skin",Physical,Positive
"Warm, sunlit freckles",Physical,Positive
"Warm, sunlit hair highlights",Physical,Positive
Wavy hair,Physical,Positive
Wealthy,Physical,Positive
Well-defined calves,Physical,Positive
Well-groomed beard,Physical,Positive
Wholesome smile,Physical,Positive
"Wholesome, rosy glow",Physical,Positive
Young,Physical,Positive
Youthful appearance,Physical,Positive